algorithm,workload,throughput_ops_s,find_p95_ns,insert_p95_ns,hash_calls_total,memory_probe,relocation,approx_memory_bytes,load_factor
CuckooHash(m=1024),lookup_alpha_0.20,1251243.8124880246,962.3499999999998,3032.533333333333,14758.333333333334,14758.333333333334,86.0,76038.0,0.19970703125
CuckooHash(m=1024),lookup_alpha_0.40,1092656.6723269874,1022.6666666666666,3545.1999999999884,17423.0,17423.0,355.0,135898.0,0.39990234375
CuckooHash(m=1024),mixed_alpha_0.35,728562.7144056786,1098.233333333333,5422.483333333333,43714.666666666664,43714.666666666664,5197.666666666667,458152.0,0.3246256510416667
CuckooHash(m=1024),mixed_alpha_0.45,682579.1045695249,1224.0666666666664,5623.900000000001,46389.333333333336,46389.333333333336,5638.666666666667,497144.6666666667,0.3564453125
CuckooHash(m=4096),lookup_alpha_0.20,1042572.7629362155,1110.0166666666664,2927.7499999999995,18711.0,18711.0,337.0,305900.0,0.199951171875
CuckooHash(m=4096),lookup_alpha_0.40,825419.6601608141,1033.6999999999996,4237.083333333333,25893.0,25893.0,1528.0,548324.0,0.39990234375
CuckooHash(m=4096),mixed_alpha_0.35,694943.6200701116,1045.6666666666667,4982.716666666666,51407.0,51407.0,5445.0,851294.6666666666,0.2976481119791667
CuckooHash(m=4096),mixed_alpha_0.45,638703.4183107755,1052.0,4662.716666666664,56508.666666666664,56508.666666666664,6815.666666666667,971391.3333333334,0.3470662434895833
